Plate,Well,treatment,Genotype,Microbe,Cyano,12-Jul-24,Jul12NumericGerm,,15-Jul-24,jul15NumericGerm,15JulQualitativenotes,Jul15HealthScore
9,B2,W_Y_ODR,W,H,N,3 germinated; long roots ,3,,1 grew; dead,1,dead,1
11,C3,UM_Y_H,DR,ODR,N,3 germinated,3,,1 grew; dead,1,dead,1
11,C5,UM_N_H,LR,ODR,Y,3 germinated; long roots,3,,2 grew; dead,2,dead,1
11,B2,LR_Y_N,UM,KF,N,3 germinated,3,,death ,3,dead,1
11,D3,LR_N_N,DR,N,N,2 germinated,2,,no growth ,2,dead,1
12,B3,TF_N_ODR,TF,N,N,3 germinated,3,,3 grew; dead,3,dead,1
13,B4,M_N_N,M,H,N,3 germinated; long roots,3,,3 died,3,dead,1
16,B5,W_N_N,TF,ODR,Y,1 germinated; small root,1,,1 grew; dead,1,dead,1
C2,D4,control,control,control,control,2 germinated; long roots ,2,,2 grew; dead,2,dead,1
C3,C4,control,control,control,control,2 germinated,2,,2 grew; dead,2,dead,1
15,D2,DR_N_KF,M,N,Y,3 germinated,3,,3 grew; 1 poor health 2 dead,3,1 poor health 2 dead,1
C2,B5,control,control,control,control,2 germinated; long roots,2,,3 grew; 2 poor health 1 dead,3,2 poor health 1 dead,2
3,C2,LR_Y_KF,M,N,N,3 germinated,3,,3 grew; poor health ,3,poor health ,2
4,A3,W_N_ODR,W,H,N,"3 germianted, long roots",3,,3 grew; poor health ,3,poor health ,2
4,B2,W_Y_ODR,TF,KF,N,"3 germinated, long roots",3,,3 grew; poor health ,3,poor health ,2
4,B6,DR_Y_ODR,DR,KF,N,"3 germinated, long roots",3,,3 grew; poor health ,3,poor health ,2
5,B4,TF_Y_ODR,W,N,N,3 germinated; long roots,3,,3 grew; poor health,3,poor health,2
5,B5,TF_N_ODR,UM,N,N,3 germinated; long roots,3,,3 grew; poor health,3,poor health,2
5,B6,W_Y_ODR,UM,N,Y,3 germinated; long roots,3,,3 grew; poor health,3,poor health,2
5,C4,W_N_ODR,W,KF,N,3 germinated; long roots,3,,3 grew; poor health,3,poor health,2
5,C5,UM_N_ODR,UM,KF,N,3 germinated; long roots,3,,3 grew; poor health,3,poor health,2
5,C6,UM_Y_ODR,UM,KF,Y,3 germinated; long roots,3,,3 grew; poor health,3,poor health,2
6,C1,DR_N_ODR,M,KF,Y,3 germinated,3,,3 grew; poor health,3,poor health,2
7,C4,M_Y_ODR,UM,H,Y,3 germinated; long roots ,3,,3 grew; poor health,3,poor health,2
8,B4,TF_N_N,DR,ODR,N,1 germinated,1,,1 grew; poor health,1,poor health,2
8,A4,DR_Y_ODR,DR,N,N,3 germinated,3,,2 grew; poor health,2,poor health,2
9,A5,LR_N_ODR,LR,ODR,N,2 germinated; long roots,2,,3 grew; poor health,3,poor health,2
9,A6,LR_N_N,LR,ODR,Y,3 germianted; long roots,3,,3 grew; poor health,3,poor health,2
9,C3,LR_Y_N,UM,KF,Y,3 germinated; long roots ,3,,3 grew poor health,3,poor health,2
10,B3,TF_Y_ODR,DR,H,Y,2 germinated; long roots,2,,2 grew ; poor health,2,poor health,2
10,A3,TF_N_KF,DR,ODR,Y,3 germinated; long roots,3,,3 grew ; poor health,3,poor health,2
10,A4,DR_Y_KF,DR,ODR,N,3 germinated; long roots,3,,3 grew ; poor health,3,poor health,2
10,B2,DR_N_KF,TF,H,N,3 germinated; long roots,3,,3 grew ; poor health,3,poor health,2
10,C3,M_Y_KF,DR,N,Y,3 germinated; 2 long roots,3,,3 grew ; poor health,3,poor health,2
11,C2,DR_N_N,UM,ODR,N,3 germinated; long roots,3,,3 grew; poor health,3,poor health,2
11,C4,DR_Y_N,DR,ODR,Y,3 germinated; long roots,3,,3 grew; poor health ,3,poor health ,2
12,A4,M_Y_H,TF,ODR,Y,3 germinated; long roots ,3,,3 grew; poor health,3,poor health,2
12,A5,W_N_KF,M,ODR,N,3 germinated; long roots ,3,,3 grew; poor health ,3,poor health ,2
12,B4,W_Y_KF,TF,N,Y,3 germinated; long roots ,3,,3 grew; poor health ,3,poor health ,2
12,B5,TF_N_KF,M,N,N,3 germinated; long roots ,3,,3 grew; poor health ,3,poor health ,2
12,B6,TF_Y_KF,M,N,Y,3 germinated,3,,3 grew; poor health ,3,poor health ,2
12,C4,M_N_KF,TF,H,Y,3 germinated; long roots ,3,,3 grew; poor health ,3,poor health ,2
13,C5,W_N_ODR,DR,KF,Y,2 germianted; long roots,2,,"2 grew; 1 dead, 1 medium-poor health",2,"1 dead, 1 medium-poor health",3
13,C2,DR_Y_KF,W,KF,Y,3 germinated; long roots,3,,3 grew; poor health ,3,poor health ,2
13,C4,DR_N_KF,M,KF,N,3 germianted; long roots,3,,3 grew; poor health ,3,poor health ,2
14,C4,LR_N_ODR,TF,N,Y,3 germinated; long roots,3,,2  grew; poor health ,2,poor health ,2
14,A2,LR_Y_N,UM,ODR,Y,3 germinated; long roots,3,,3 grew; poor health,3,poor health,2
14,A4,LR_N_N,TF,ODR,Y,3 germinated; long roots,3,,3 grew; poor health,3,poor health,2
14,A5,UM_N_H,LR,ODR,Y,3 germinated; long roots,3,,3 grew; poor health,3,poor health,2
14,B1,UM_Y_H,UM,KF,N,3 germinated; long roots,3,,3 grew; poor health ,3,poor health ,2
14,C1,TF_N_H,UM,N,N,3 germinated; long roots,3,,3 grew; poor health ,3,poor health ,2
14,C2,TF_Y_H,UM,N,Y,3 germinated; long roots,3,,3 grew; poor health ,3,poor health ,2
14,C3,LR_Y_H,TF,N,N,3 germinated; long roots ,3,,3 grew; poor health ,3,poor health ,2
15,C4,M_Y_KF,DR,H,N,2 germinated; large buds ,2,,1 grew; poor health,1,poor health,2
15,D4,DR_Y_KF,DR,N,N,3 germinated; large buds,3,,1 grew; poor health,1,poor health,2
15,B1,M_Y_H,M,ODR,N,3 germianted; long roots,3,,3 grew; poor health,3,poor health,2
15,B2,DR_Y_H,M,ODR,Y,3 germinated,3,,3 grew; poor health,3,poor health,2
15,B3,DR_N_H,DR,ODR,Y,3 germinated; long roots ,3,,3 grew; poor health,3,poor health,2
15,B4,UM_N_H,DR,ODR,N,3 germinated; long roots ,3,,3 grew; poor health,3,poor health,2
15,B5,UM_Y_H,UM,ODR,N,3 germinated; large buds,3,,3 grew; poor health,3,poor health,2
15,B6,M_N_N,UM,ODR,Y,3 germinated,3,,3 grew; poor health,3,poor health,2
15,A2,M_Y_N,M,KF,Y,3 germinated,3,,3 grew; poor health ,3,poor health ,2
15,A3,DR_Y_N,DR,KF,Y,3 germinated,3,,3 grew; poor health ,3,poor health ,2
15,A4,DR_N_N,DR,KF,N,3 germinated;  long roots,3,,3 grew; poor health ,3,poor health ,2
15,A5,UM_N_N,UM,KF,N,3 germinated; long roots ,3,,3 grew; poor health ,3,poor health ,2
15,C6,UM_Y_N,UM,H,Y,3 germinated; long roots ,3,,3 grew; poor health ,3,poor health ,2
16,A1,LR_N_N,W,N,N,1 germinated,1,,2 grew; poor health,2,poor health,2
16,D4,W_N_ODR,LR,H,Y,no germination ,0,,"2 grew, poor health",2,poor health ,2
16,D5,LR_Y_ODR,TF,H,Y,2 germinated; small roots,2,,3 grew; poor health,3,poor health,2
16,B6,LR_N_KF,TF,ODR,N,3 germianted; small roots,3,,3 grew; poor health ,3,poor health ,2
C1,B1,control,control,control,control,3 germinated; long roots ,3,,3 grew; poor health ,3,poor health ,2
C2,D5,control,control,control,control,2 germinated; long roots,2,,3 grew; poor health ,3,poor health ,2
C2,A3,control,control,control,control,3 germinated; long roots ,3,,3 grew; poor health ,3,poor health ,2
C2,B2,control,control,control,control,3 germinated; long roots ,3,,3 grew; poor health ,3,poor health ,2
C2,B6,control,control,control,control,3 germinated; long roots ,3,,3 grew; poor health ,3,poor health ,2
C2,C2,control,control,control,control,3 germinated; long roots ,3,,3 grew; poor health ,3,poor health ,2
C2,C3,control,control,control,control,3 germinated,3,,3 grew; poor health ,3,poor health ,2
C2,C4,control,control,control,control,3 germinated; long roots ,3,,3 grew; poor health ,3,poor health ,2
C2,C5,control,control,control,control,3 germinated; long roots ,3,,3 grew; poor health ,3,poor health ,2
C2,C6,control,control,control,control,3 germinated; long roots ,3,,3 grew; poor health ,3,poor health ,2
C2,D6,control,control,control,control,3 germinated; long roots,3,,3 grew poor health ,3,poor health ,2
C3,C2,control,control,control,control,2 germinated,2,,1 grew; poor health,1,poor health,2
C3,B3,control,control,control,control,2 germinated; long roots,2,,3 grew; poor health ,3,poor health ,2
7,C5,W_N_N,M,H,Y,3 germinated; long roots ,3,,3 grew; 2 poor health 1 medium health ,3,2 poor health 1 medium health ,2
15,C5,UM_N_KF,UM,H,N,3 germianted; long roots,3,,3 grew; 2 poor health 1 medium health,3,2 poor health 1 medium health,2
C2,B3,control,control,control,control,2 germinated,2,,3 grew; 1 medium health 2 poor health,3,1 medium health 2 poor health,2
2,A6,DR_N_H,W,H,Y,3 germinated,3,,2 grew; medium-poor health ,2,medium-poor health ,3
2,A3,W_N_N,UM,H,Y,3 germinated,3,,3 grew; medium-poor health ,3,medium-poor health ,3
2,B3,W_Y_N,UM,ODR,Y,3 germinated; long roots ,3,,3 grew; medium-poor health ,3,medium-poor health ,3
3,B4,UM_N_KF,UM,H,N,3 germianted; long roots,3,,3 grew; medium-poor health ,3,medium-poor health ,3
3,C4,LR_N_KF,UM,N,N,3 germinated; long roots,3,,3 grew; medium-poor health ,3,medium-poor health ,3
4,D4,W_N_H,W,ODR,Y,2 germinated,2,,3 grew; medium-poor health,3,medium-poor health,3
4,A6,DR_N_N,DR,H,N,3 germinated,3,,3 grew; medium-poor health,3,medium-poor health,3
4,B5,TF_Y_ODR,DR,KF,Y,3 germianated,3,,3 grew; medium-poor health,3,medium-poor health,3
4,C1,TF_N_ODR,TF,N,Y,3 germinated,3,,3 grew; meduim high health ,3,meduim high health ,5
5,A4,TF_N_KF,W,H,N,3 germinated; long roots,3,,3 grew; medium-poor health,3,medium-poor health,3
5,A5,W_Y_KF,UM,H,N,3 germinated; long roots,3,,3 grew; medium-poor health,3,medium-poor health,3
5,A6,W_N_KF,UM,H,Y,3 germinated; long roots,3,,3 grew; medium-poor health,3,medium-poor health,3
5,B3,UM_N_KF,W,N,Y,3 germinated; 2 long roots,3,,3 grew; medium-poor health,3,medium-poor health,3
5,D1,UM_Y_KF,TF,ODR,Y,3 germinated; 1 long root,3,,3 grew; medium-poor health,3,medium-poor health,3
6,A4,LR_N_ODR,LR,H,Y,3 germinated; long roots,3,,3 grew; medium-poor health,3,medium-poor health,3
6,B1,LR_Y_ODR,M,N,Y,3 germinated,3,,3 grew; medium-poor health,3,medium-poor health,3
6,B6,DR_Y_ODR,DR,N,N,3 germinated,3,,3 grew; medium-poor health,3,medium-poor health,3
7,B4,UM_Y_ODR,UM,KF,Y,3 germinated; long roots ,3,,3 grew; medium-poor health ,3,medium-poor health ,3
8,B3,TF_Y_N,DR,ODR,Y,2 germinated,2,,1 grew; medium-poor health,1,medium-poor health,3
8,C3,DR_Y_N,DR,H,Y,no germination ,0,,1 grew; medium-poor health,1,medium-poor health,3
8,A3,TF_N_ODR,DR,N,Y,2 germinated,2,,2 grew; medium-poor health ,2,medium-poor health ,3
8,C6,DR_N_H,LR,H,N,3 germinated ,3,,3 grew; medium-poor health,3,medium-poor health,3
8,D4,LR_Y_H,DR,KF,N,3 germinated,3,,3 grew; medium-poor health,3,medium-poor health,3
8,D5,LR_N_H,LR,KF,Y,3 germinated,3,,3 grew; medium-poor health ,3,medium-poor health ,3
9,A2,UM_N_ODR,W,ODR,N,2 germinated,2,,2 grew; medium-poor health,2,medium-poor health,3
9,C4,UM_Y_N,UM,KF,N,3 germinated,3,,3 grew; medium-poor health,3,medium-poor health,3
9,D3,UM_N_N,UM,N,Y,3 germinated; long roots ,3,,3 grew; medium-poor health,3,medium-poor health,3
10,A2,TF_N_N,TF,ODR,N,3 germianted; long roots,3,,3 grew ; medium-poor health,3,medium-poor health,3
10,C2,DR_Y_N,TF,N,N,3 germinated; long roots,3,,3 grew ; medium-poor health,3,medium-poor health,3
10,C4,DR_N_N,DR,N,N,3 germinated,3,,3 grew ; medium-poor health,3,medium-poor health,3
10,D2,M_Y_N,TF,KF,N,3 germinated; long roots,3,,3 grew ; medium-poor health,3,medium-poor health,3
10,D3,M_N_N,DR,KF,Y,3 germinated; long roots,3,,3 grew ; medium-poor health,3,medium-poor health,3
10,C5,TF_Y_KF,M,N,Y,3 germinated,3,,3 grew ; medium-poor health ,3,medium-poor health ,3
11,B5,DR_Y_H,LR,KF,Y,3 germinated; long roots,3,,2 grew; medium-poor health ,2,medium-poor health ,3
11,A6,DR_N_ODR,LR,H,N,3 germinated,3,,3 grew; medium-poor health,3,medium-poor health,3
11,B4,DR_Y_ODR,DR,KF,Y,3 germinated; long roots,3,,3 grew; medium-poor health,3,medium-poor health,3
11,B6,LR_Y_ODR,LR,KF,N,3 germinated; long roots,3,,3 grew; medium-poor health,3,medium-poor health,3
11,C1,LR_N_ODR,UM,ODR,Y,3 germinated,3,,3 grew; medium-poor health ,3,medium-poor health ,3
11,C6,UM_Y_N,LR,ODR,N,3 germinated,3,,3 grew; medium-poor health ,3,medium-poor health ,3
11,D4,UM_N_N,DR,N,Y,3 germinated; long roots,3,,3 grew; medium-poor health ,3,medium-poor health ,3
12,C3,W_N_ODR,TF,H,N,3 germinated; long roots ,3,,2 grew; medium-poor health ,2,medium-poor health ,3
12,A6,M_Y_N,M,ODR,Y,3 germinated; long roots ,3,,3 grew; medium-poor,3,medium-poor,3
12,C2,W_N_H,W,H,Y,3 germinated; long roots ,3,,3 grew; medium-poor health ,3,medium-poor health ,3
12,C5,W_Y_H,M,H,N,3 gemrinated; long roots,3,,3 grew; medium-poor health ,3,medium-poor health ,3
12,C6,TF_N_H,M,H,Y,3 germinated; long roots,3,,3 grew; medium-poor health ,3,medium-poor health ,3
12,D5,TF_Y_H,M,KF,N,3 germinated; long roots,3,,3 grew; medium-poor health ,3,medium-poor health ,3
12,D6,M_N_H,M,KF,Y,3 germinated; long roots,3,,3 grew; medium-poor health ,3,medium-poor health ,3
13,B5,W_N_KF,DR,H,Y,3 germinated; long roots,3,,3 grew; medium-poor health ,3,medium-poor health ,3
13,A2,W_Y_KF,W,ODR,Y,3 germinated; long roots,3,,3 grew; medium-poor heath,3,medium-poor heath,3
13,C1,M_Y_KF,W,KF,N,3 germinated; long roots,3,,3 grew; medium-poor heath,3,medium-poor heath,3
13,C3,M_N_KF,M,KF,Y,3 germinated; long roots,3,,3 grew; medium-poor heath,3,medium-poor heath,3
14,B4,LR_N_KF,TF,KF,Y,3 germinated; long roots,3,,3 grew; medium-poor health ,3,medium-poor health ,3
14,C5,UM_N_N,LR,N,Y,3 germianted; long roots,3,,3 grew; medium-poor health ,3,medium-poor health ,3
14,D3,UM_Y_N,TF,H,N,3 germinated; long roots,3,,3 grew; medium-poor health ,3,medium-poor health ,3
14,A1,TF_N_N,UM,ODR,N,3 germinated; long roots,3,,3 grew; medium-poor heath,3,medium-poor heath,3
14,A3,TF_Y_N,TF,ODR,N,3 germinated; long roots,3,,3 grew; medium-poor heath,3,medium-poor heath,3
15,C1,M_N_KF,M,H,N,1 germianted,1,,1 grew; medium-poor health,1,medium-poor health,3
15,A6,DR_N_ODR,UM,KF,Y,3 germinated,3,,3 grew; medium-poor health ,3,medium-poor health ,3
15,C3,UM_N_ODR,DR,H,Y,3 germinated; long roots ,3,,3 grew; medium-poor health ,3,medium-poor health ,3
15,D3,UM_Y_ODR,DR,N,Y,3 germianted,3,,3 grew; medium-poor health ,3,medium-poor health ,3
15,D6,M_N_H,UM,N,Y,3 germinated; long roots ,3,,3 grew; medium-poor health ,3,medium-poor health ,3
16,B2,TF_N_N,W,ODR,Y,3 germinated; small roots,3,,2 grew; medium-poor health,2,medium-poor health,3
16,D3,W_Y_ODR,LR,H,N,1 germinated ,1,,3 grew; medium-poor health ,3,medium-poor health ,3
16,C2,W_Y_KF,W,KF,Y,3 germinated,3,,3 grew; medium-poor heath,3,medium-poor heath,3
C1,D2,control,control,control,control,3 germinated,3,,3 grew; medium-poor gealth ,3,medium-poor gealth ,3
C1,B3,control,control,control,control,3 germinated; 1 long root,3,,3 grew; medium-poor health ,3,medium-poor health ,3
C1,C1,control,control,control,control,3 germinated; 1 long root,3,,3 grew; medium-poor health ,3,medium-poor health ,3
C1,C4,control,control,control,control,3 germinated,3,,3 grew; medium-poor health ,3,medium-poor health ,3
C1,C5,control,control,control,control,3 germinated,3,,3 grew; medium-poor health ,3,medium-poor health ,3
C1,D3,control,control,control,control,3 germinated; 1 long root,3,,3 grew; medium-poor health ,3,medium-poor health ,3
C2,A5,control,control,control,control,3 germinated; long roots ,3,,3 grew; medium  poor health ,3,medium  poor health ,3
C2,A4,control,control,control,control,3 germinated,3,,3 grew; medium-poor health ,3,medium-poor health ,3
C2,B4,control,control,control,control,3 germinated,3,,3 grew; medium-poor health ,3,medium-poor health ,3
C2,C1,control,control,control,control,3 germinated; long roots ,3,,3 grew; medium-poor health ,3,medium-poor health ,3
C2,D2,control,control,control,control,3 germinated,3,,3 grew; medium-poor health ,3,medium-poor health ,3
C3,A3,control,control,control,control,2 germinated; long roots,2,,2 grew; medium-poor health,2,medium-poor health,3
C3,A2,control,control,control,control,3 germianted,3,,3 grew; 1 medium-high health 2 poor health,3,1 medium-high health 2 poor health,2
C3,D1,control,control,control,control,3 germinated,3,,3 grew; medium-poor health,3,medium-poor health,3
C3,A1,control,control,control,control,3 germinated,3,,3 grew; medium-poor health ,3,medium-poor health ,3
C3,B1,control,control,control,control,3 germinated; long roots,3,,3 grew; medium-poor health ,3,medium-poor health ,3
C3,C6,control,control,control,control,3 germinated ,3,,3 grew; medium-poor health ,3,medium-poor health ,3
10,B5,TF_N_ODR,M,H,Y,3 germinated,3,,3 grew ; 2 medium heath; 1 poor health,3,2 medium heath; 1 poor health,4
14,D4,UM_N_ODR,TF,H,Y,2 germinated,2,,2 grew; 1 medium-high health 1 poor health,2,1 medium-high health 1 poor health,4
1,A6,LR_N_ODR,TF,H,N,3 germinated,3,,3 grew; medium health ,3,medium health ,4
1,B6,M_Y_ODR,TF,KF,N,3 germinated,3,,3 grew; medium health ,3,medium health ,4
1,C5,M_N_ODR,TF,ODR,Y,3 germinated; long roots ,3,,3 grew; medium health ,3,medium health ,4
2,A4,DR_Y_H,UM,H,N,1 germinated,1,,1 grew; medium health ,1,medium health ,4
2,B1,W_N_H,DR,ODR,Y,3 germinated,3,,3 grew; medium health ,3,medium health ,4
2,B4,W_Y_H,UM,ODR,N,3 germinated; long roots ,3,,3 grew; medium health ,3,medium health ,4
2,B6,DR_Y_ODR,W,ODR,Y,3 germinated,3,,3 grew; medium health ,3,medium health ,4
2,C1,DR_N_ODR,DR,KF,Y,3 germinated,3,,3 grew; medium health ,3,medium health ,4
3,A1,UM_Y_ODR,M,ODR,Y,3 germinated,3,,3 grew; medium health ,3,medium health ,4
3,B1,UM_N_ODR,M,H,Y,3 germinated,3,,3 grew; medium health ,3,medium health ,4
3,B3,LR_N_ODR,UM,H,Y,3 germinated,3,,3 grew; medium health ,3,medium health ,4
3,D3,LR_Y_ODR,UM,KF,Y,3 germinated,3,,3 grew; medium health ,3,medium health ,4
4,A4,TF_Y_H,W,H,Y,2 germinated,2,,3 grew; medium health ,3,medium health ,4
4,C3,TF_Y_KF,W,N,N,3 germinated,3,,3 grew; medium health,3,medium health,4
4,C4,TF_N_KF,W,N,Y,3 germinated,3,,3 grew; medium health,3,medium health,4
4,A5,W_N_KF,DR,H,Y,3 germinated ,3,,3 grew; medium health ,3,medium health ,4
4,B3,W_Y_KF,W,KF,N,3 germinated,3,,3 grew; medium health ,3,medium health ,4
4,B4,DR_Y_KF,W,KF,Y,3 germinated,3,,3 grew; medium health ,3,medium health ,4
4,D5,DR_N_KF,DR,ODR,Y,3 germianted,3,,3 grew; medium health ,3,medium health ,4
5,A3,W_Y_H,W,H,Y,3 germinated,3,,3 grew; medium health ,3,medium health ,4
5,B1,W_N_H,TF,N,Y,3 germinated; long roots,3,,3 grew; medium health ,3,medium health ,4
5,B2,UM_N_H,TF,N,N,3 gemrinated; long roots,3,,3 grew; medium health ,3,medium health ,4
5,C1,UM_Y_H,TF,KF,Y,3 germinated,3,,3 grew; medium health ,3,medium health ,4
5,C2,TF_Y_N,TF,KF,N,3 germinated,3,,3 grew; medium health ,3,medium health ,4
5,C3,TF_N_N,W,KF,Y,3 germinated,3,,3 grew; medium health ,3,medium health ,4
5,D2,W_Y_N,TF,ODR,N,3 germinated,3,,3 grew; medium health ,3,medium health ,4
6,C3,M_Y_H,LR,KF,N,2 germinated,2,,2 grew; medium health ,2,medium health ,4
6,D4,M_N_H,LR,ODR,Y,2 germinated,2,,2 grew; medium health ,2,medium health ,4
6,A6,M_N_N,DR,H,N,3 germinated,3,,3 grew; medium health ,3,medium health ,4
6,B2,LR_N_N,M,N,N,3 germinated,3,,3 grew; medium health ,3,medium health ,4
6,B3,LR_Y_N,LR,N,N,3 germinated,3,,3 grew; medium health ,3,medium health ,4
6,C2,DR_Y_N,M,KF,N,3 germinated,3,,3 grew; medium health ,3,medium health ,4
6,C5,DR_N_N,DR,KF,Y,3 germinated; long roots,3,,3 grew; medium health ,3,medium health ,4
7,A2,M_Y_N,W,N,N,3 germinated,3,,3 grew; medium health ,3,medium health ,4
7,A4,M_N_N,UM,N,Y,3 germinated; long roots ,3,,3 grew; medium health ,3,medium health ,4
7,A6,W_Y_KF,M,N,N,3 germinated,3,,3 grew; medium health ,3,medium health ,4
7,B1,W_N_KF,W,KF,Y,3 germinated,3,,3 grew; medium health ,3,medium health ,4
7,B2,UM_N_KF,W,KF,N,3 germinated,3,,3 grew; medium health ,3,medium health ,4
7,B3,UM_Y_KF,UM,KF,N,3 germinated; long roots ,3,,3 grew; medium health ,3,medium health ,4
7,B5,M_Y_KF,M,KF,Y,3 germinated; long roots ,3,,3 grew; medium health ,3,medium health ,4
7,B6,M_N_KF,M,KF,N,3 germinated; long roots ,3,,3 grew; medium health ,3,medium health ,4
7,C2,W_Y_H,W,H,N,3 germinated,3,,3 grew; medium health ,3,medium health ,4
7,D3,W_N_H,UM,ODR,N,3 germinated; long roots ,3,,3 grew; medium health ,3,medium health ,4
7,D4,UM_N_H,UM,ODR,Y,3 germinated; long roots ,3,,3 grew; medium health ,3,medium health ,4
7,D5,UM_Y_H,M,ODR,Y,3 germinated,3,,3 grew; medium health ,3,medium health ,4
8,B6,DR_N_N,LR,ODR,N,1 germinated,1,,2 grew; medium health ,2,medium health ,4
8,A1,LR_Y_N,TF,N,N,2 germinated,2,,2 grew; medium health ,2,medium health ,4
8,A6,LR_N_N,LR,N,N,2 germinated,2,,2 grew; medium health ,2,medium health ,4
8,C2,TF_Y_ODR,TF,H,Y,3 germinated,3,,2 grew; medium health ,2,medium health ,4
8,B5,LR_Y_ODR,LR,ODR,Y,2 germinated,2,,3 grew; 2 medium-high health 1 poor health,3,2 medium-high health 1 poor health,4
8,C5,LR_N_ODR,LR,H,Y,3 germinated,3,,3 grew; 2 medium-high health 1 poor health,3,2 medium-high health 1 poor health,4
8,A5,TF_Y_H,LR,N,Y,3 germianted ,3,,3 grew; medium health ,3,medium health ,4
9,C6,W_N_ODR,LR,KF,Y,2 germinated,2,,2 grew; medium health,2,medium health,4
9,A1,W_N_H,W,ODR,Y,3 germinated,3,,3 grew; medium health,3,medium health,4
9,A3,UM_Y_H,UM,ODR,Y,3 germinated; long roots ,3,,3 grew; medium health,3,medium health,4
9,A4,UM_N_H,UM,ODR,N,3 germinated,3,,3 grew; medium health,3,medium health,4
9,B4,LR_N_H,UM,H,N,3 germinated,3,,3 grew; medium health,3,medium health,4
9,B5,LR_Y_H,LR,H,N,3 germinated; long roots ,3,,3 grew; medium health,3,medium health,4
9,C2,W_Y_KF,W,KF,N,3 germinated,3,,3 grew; medium health,3,medium health,4
9,C5,W_N_KF,LR,KF,N,3 germinated,3,,3 grew; medium health,3,medium health,4
10,D4,DR_N_ODR,DR,KF,N,3 germinated; long roots,3,,3 grew ; medium  health,3,medium  health,4
10,A1,M_Y_ODR,TF,ODR,Y,3 germinated; long roots,3,,3 grew ; medium health,3,medium health,4
10,A5,M_N_ODR,M,ODR,Y,3 germinated,3,,3 grew ; medium health,3,medium health,4
10,C6,TF_Y_H,M,N,N,3 germinated,3,,3 grew ; medium health,3,medium health,4
10,C1,TF_N_H,TF,N,Y,3 germinated; long roots,3,,3 grew ; medium health ,3,medium health ,4
11,A3,UM_Y_KF,DR,H,N,3 germinated; 1 long root,3,,3 grew ; medium  health,3,medium  health,4
11,A5,UM_N_KF,LR,H,Y,3 germinated; 2 long roots,3,,3 grew ; medium  health,3,medium  health,4
11,D1,DR_N_KF,UM,N,Y,3 germinated,3,,3 grew; medium health,3,medium health,4
11,D5,DR_Y_KF,LR,N,Y,3 germinated,3,,3 grew; medium health,3,medium health,4
12,A2,W_Y_ODR,W,ODR,Y,2 germinated; long roots,2,,3 grew; medium health,3,medium health,3
12,A3,TF_Y_ODR,TF,ODR,N,3 germinated,3,,3 grew; medium health,3,medium health,4
12,B2,M_N_ODR,W,N,Y,3 germinated; long roots ,3,,3 grew; medium health,3,medium health,4
12,D1,M_Y_ODR,W,KF,N,3 germinated,3,,3 grew; medium health,3,medium health,4
12,D4,W_N_N,TF,KF,Y,3 germinated; long roots,3,,3 grew; medium health ,3,medium health ,4
12,D3,M_Y_KF,TF,KF,N,3 germinated; long roots,3,,3 grew medium health,3,medium health ,4
13,A5,M_N_ODR,DR,ODR,Y,3 germinated,3,,3 grew; medium health,3,medium health,4
13,A6,DR_Y_ODR,DR,ODR,N,3 germinated,3,,3 grew; medium health,3,medium health,4
13,B6,DR_N_ODR,DR,H,N,3 germinated,3,,3 grew; medium health,3,medium health,4
13,D3,W_N_H,M,N,Y,3 germinated; long roots,3,,3 grew; medium health,3,medium health,4
13,D5,W_Y_H,DR,N,Y,3 germinated,3,,3 grew; medium health,3,medium health,4
14,D5,UM_Y_ODR,LR,H,Y,2 germinated,2,,2 grew; medium health,2,medium health,4
14,B2,TF_N_ODR,UM,KF,Y,3 germinated; long roots,3,,2 grew; medium health,2,medium health,4
14,B6,TF_Y_ODR,LR,KF,N,3 germinated,3,,2 grew; medium health,2,medium health,4
14,D1,LR_Y_ODR,UM,H,N,3 germinated; long roots,3,,2 grew; medium health,2,medium health,4
14,A6,UM_N_KF,LR,ODR,N,3 germinated,3,,3 grew; medium health,3,medium health,4
14,B5,UM_Y_KF,LR,KF,Y,3 germianted; long roots,3,,3 grew; medium health,3,medium health,4
14,D2,TF_N_KF,UM,H,Y,3 germinated; long roots,3,,3 grew; medium health,3,medium health,4
14,C6,TF_Y_KF,LR,N,N,3 germinated ,3,,3 grew; medium health ,3,medium health ,4
15,A1,UM_Y_KF,M,KF,N,3 germinated,3,,3 grew; medium health ,3,medium health ,4
15,C2,M_N_ODR,M,H,Y,3 germinated,3,,3 grew; medium health ,3,medium health ,4
15,D1,M_Y_ODR,M,N,N,3 germinated; large buds,3,,3 grew; medium health ,3,medium health ,4
15,D5,DR_Y_ODR,UM,N,N,3 germinated; long roots ,3,,3 grew; medium health ,3,medium health ,4
16,D2,W_Y_N,W,H,Y,1 germinated,1,,1 grew; medium health,1,medium health,4
16,D6,LR_Y_N,TF,H,N,2 germinated ,2,,2 grew; medium health,2,medium health,4
16,A2,TF_Y_N,W,N,Y,3 germinated; small roots,3,,2 grew; medium health,2,medium health,4
16,D1,TF_Y_ODR,W,H,N,3 germinated; small roots,3,,3 grew; medium health ,3,medium health ,4
C1,A4,control,control,control,control,2 germinated; 1 long root,2,,1 grew; medium health,1,medium health,4
C1,A5,control,control,control,control,3 germinated; long roots ,3,,3 grew; medium health,3,medium health,4
C1,B2,control,control,control,control,3 germinated; 1 long root,3,,3 grew; medium health ,3,medium health ,4
C1,B4,control,control,control,control,3 germinated; 1 long root,3,,3 grew; medium health ,3,medium health ,4
C1,B5,control,control,control,control,3 germinated,3,,3 grew; medium health ,3,medium health ,4
C1,B6,control,control,control,control,3 germinated,3,,3 grew; medium health ,3,medium health ,4
C1,C2,control,control,control,control,3 germinated; 1 long root,3,,3 grew; medium health ,3,medium health ,4
C1,C3,control,control,control,control,3 germianted,3,,3 grew; medium health ,3,medium health ,4
C1,C6,control,control,control,control,3 germinated; long roots ,3,,3 grew; medium health ,3,medium health ,4
C1,D6,control,control,control,control,3 germianted,3,,3 grew; medium health ,3,medium health ,4
C2,A1,control,control,control,control,2 germinated,2,,3 grew; medium health ,3,medium health ,4
C2,A6,control,control,control,control,3 germinated,3,,3 grew; medium health ,3,medium health ,4
C2,D1,control,control,control,control,3 germinated,3,,3 grew; medium health ,3,medium health ,4
C3,D5,control,control,control,control,2 germinated,2,,1 grew; medium health,1,medium health,4
C3,D4,control,control,control,control,3 germinated,3,,2 grew; medium health,2,medium health,4
C3,B4,control,control,control,control,3 germinated,3,,3 grew; medium health,3,medium health,4
C3,C5,control,control,control,control,3 germinated,3,,3 grew; medium health,3,medium health,4
C3,D2,control,control,control,control,3 germinated,3,,3 grew; medium health,3,medium health,4
C3,D3,control,control,control,control,3 germinated,3,,3 grew; medium health,3,medium health,4
C3,A6,control,control,control,control,3 germinated,3,,3 grew; medium health ,3,medium health ,4
C3,B2,control,control,control,control,3 germinated,3,,3 grew; medium health ,3,medium health ,4
C3,B5,control,control,control,control,3 germinated,3,,3 grew; medium health ,3,medium health ,4
1,C6,LR_Y_H,TF,ODR,N,2 germinated,2,,2 grew; medium-high health,2,medium-high health,5
1,B1,TF_Y_ODR,LR,KF,Y,3 germinated,3,,3 grew; medium-high health ,3,medium-high health ,5
1,B2,TF_N_ODR,LR,KF,N,3 germinated,3,,3 grew; medium-high health ,3,medium-high health ,5
1,B4,LR_Y_N,M,KF,N,3 germinated,3,,3 grew; medium-high health ,3,medium-high health ,5
1,B5,LR_N_N,TF,KF,Y,3 germinated,3,,3 grew; medium-high health ,3,medium-high health ,5
1,C4,M_Y_N,M,ODR,N,3 germinated,3,,3 grew; medium-high health ,3,medium-high health ,5
1,D4,M_N_N,M,N,N,3 germianted,3,,3 grew; medium-high health ,3,medium-high health ,5
1,D5,TF_Y_N,TF,N,Y,3 germianted,3,,3 grew; medium-high health ,3,medium-high health ,5
1,D6,TF_N_N,TF,N,N,3 germianted,3,,3 grew; medium-high health ,3,medium-high health ,5
2,C4,UM_Y_ODR,UM,KF,N,3 germinated,3,,3 grew; medium-high health,3,medium-high health,5
2,A1,UM_N_ODR,DR,H,Y,3 germinated,3,,3 grew; medium-high health ,3,medium-high health ,5
2,A2,W_N_ODR,DR,H,N,3 germinated,3,,3 grew; medium-high health ,3,medium-high health ,5
2,A5,W_Y_ODR,W,H,N,3 germinated,3,,3 grew; medium-high health ,3,medium-high health ,5
2,B2,DR_Y_KF,DR,ODR,N,3 germinated,3,,3 grew; medium-high health ,3,medium-high health ,5
2,B5,DR_N_KF,W,ODR,N,3 germinated; long roots ,3,,3 grew; medium-high health ,3,medium-high health ,5
2,C2,UM_Y_KF,DR,KF,N,3 germinated,3,,3 grew; medium-high health ,3,medium-high health ,5
2,C3,UM_N_KF,UM,KF,Y,3 germinated,3,,3 grew; medium-high health ,3,medium-high health ,5
2,C5,W_N_KF,W,KF,N,3 germinated; long roots ,3,,3 grew; medium-high health ,3,medium-high health ,5
2,C6,W_Y_KF,W,KF,Y,3 germinated,3,,3 grew; medium-high health ,3,medium-high health ,5
2,D2,DR_Y_N,DR,N,N,3 germinated,3,,3 grew; medium-high health ,3,medium-high health ,5
2,D3,DR_N_N,UM,N,Y,3 germinated,3,,3 grew; medium-high health ,3,medium-high health ,5
2,D5,UM_Y_N,W,N,N,3 germinated,3,,3 grew; medium-high health ,3,medium-high health ,5
2,D6,UM_N_N,W,N,Y,3 germinated ,3,,3 grew; medium-high health ,3,medium-high health ,5
3,D6,M_Y_ODR,LR,KF,Y,2 germinated ,2,,2 grew; medium-high health ,2,medium-high health ,5
3,A2,M_Y_H,M,ODR,N,3 germinated,3,,3 grew; medium-high health ,3,medium-high health ,5
3,A3,M_N_H,UM,ODR,Y,3 germinated; long roots,3,,3 grew; medium-high health ,3,medium-high health ,5
3,A5,UM_Y_H,LR,ODR,N,3 germinated,3,,3 grew; medium-high health ,3,medium-high health ,5
3,A6,UM_N_H,LR,ODR,Y,3 germinated,3,,3 grew; medium-high health ,3,medium-high health ,5
3,B2,LR_N_H,M,H,N,3 germinated,3,,3 grew; medium-high health ,3,medium-high health ,5
3,B5,LR_Y_H,LR,H,N,3 germinated; long roots,3,,3 grew; medium-high health ,3,medium-high health ,5
3,B6,M_Y_N,LR,H,Y,3 germinated,3,,3 grew; medium-high health ,3,medium-high health ,5
3,C1,M_N_N,M,N,Y,3 germianted,3,,3 grew; medium-high health ,3,medium-high health ,5
3,C3,UM_Y_N,UM,N,Y,3 germinated,3,,3 grew; medium-high health ,3,medium-high health ,5
3,C5,UM_N_N,LR,N,N,3 germianted ,3,,3 grew; medium-high health ,3,medium-high health ,5
3,C6,LR_N_N,LR,N,Y,3 germianted,3,,3 grew; medium-high health ,3,medium-high health ,5
3,D1,LR_Y_N,M,KF,Y,3 germianted,3,,3 grew; medium-high health ,3,medium-high health ,5
3,D2,M_Y_KF,M,KF,N,3 germinated,3,,3 grew; medium-high health ,3,medium-high health ,5
3,D4,M_N_KF,UM,KF,N,3 germianted ,3,,3 grew; medium-high health ,3,medium-high health ,5
3,D5,UM_Y_KF,LR,KF,N,3 germinated,3,,3 grew; medium-high health ,3,medium-high health ,5
4,C6,TF_N_H,DR,N,N,2 germinated,2,,3 grew; medium-high health ,3,medium-high health ,5
4,D3,TF_Y_N,W,ODR,N,3 germinated,3,,3 grew; medium-high health,3,medium-high health,5
4,D6,TF_N_N,DR,ODR,N,3 germinated,3,,3 grew; medium-high health,3,medium-high health,5
4,A2,W_N_N,TF,H,N,3 germinated,3,,3 grew; medium-high health ,3,medium-high health ,5
4,C5,W_Y_N,DR,N,Y,3 germinated,3,,3 grew; medium-high health ,3,medium-high health ,5
4,D2,DR_Y_N,TF,ODR,N,"3 germinated, long roots",3,,3 grew; medium-high health ,3,medium-high health ,5
5,A1,W_N_N,TF,H,Y,3 germinated,3,,3 grew; medium-high health,3,medium-high health,5
5,A2,UM_N_N,TF,H,N,3 germinated ,3,,3 grew; medium-high health,3,medium-high health,5
5,D5,UM_Y_N,UM,ODR,N,3 germinated,3,,3 grew; medium-high health,3,medium-high health,5
5,D6,TF_Y_KF,UM,ODR,Y,3 germinated ,3,,3 grew; medium-high health,3,medium-high health,5
6,A1,M_Y_KF,M,H,Y,3 germinated,3,,3 grew; medium-high health,3,medium-high health,5
6,A2,M_N_KF,M,H,N,3 germinated,3,,3 grew; medium-high health,3,medium-high health,5
6,A5,LR_N_KF,DR,H,Y,3 germinated,3,,3 grew; medium-high health,3,medium-high health,5
6,B4,LR_Y_KF,LR,N,Y,3 germinated,3,,3 grew; medium-high health,3,medium-high health,5
6,B5,DR_Y_KF,DR,N,Y,3 germinated,3,,3 grew; medium-high health,3,medium-high health,5
6,D6,DR_N_KF,DR,ODR,N,3 germinated,3,,3 grew; medium-high health,3,medium-high health,5
6,C6,M_Y_ODR,DR,KF,N,3 germinated,3,,3 grew; medium-high health ,3,medium-high health ,5
6,D5,M_N_ODR,DR,ODR,Y,3 gemrinated; long roots,3,,3 grew; medium-high health ,3,medium-high health ,5
7,C1,W_Y_N,W,H,Y,2 germinated,2,,2 grew; medium-high health ,2,medium-high health ,5
7,D6,UM_N_N,M,ODR,N,3 germianted,3,,3; grew; medium-high health,3,grew; medium-high health,5
7,A3,M_Y_H,UM,N,N,3 germinated ,3,,3 grew; medium-high health,3,medium-high health,5
7,C3,M_N_H,UM,H,N,3 germinated,3,,3 grew; medium-high health,3,medium-high health,5
7,C6,W_Y_ODR,M,H,N,3 germinated; long roots ,3,,3 grew; medium-high health,3,medium-high health,5
7,D1,W_N_ODR,W,ODR,Y,3 germinated,3,,3 grew; medium-high health,3,medium-high health,5
7,D2,UM_N_ODR,W,ODR,N,3 germinated; long roots ,3,,3 grew; medium-high health,3,medium-high health,5
7,A5,M_N_ODR,M,N,Y,3 germinated; small roots,3,,3 grew medium-high health,3,medium-high health,5
8,D2,DR_Y_H,TF,KF,Y,3 germinated ,3,,3 grew; medium-high health ,3,medium-high health ,5
9,B3,UM_Y_ODR,UM,H,Y,2 germinated,2,,2 grew; medium-high health ,2,medium-high health ,5
9,B1,UM_Y_KF,W,H,Y,3 germinated,3,,3 grew; medium-high health,3,medium-high health,5
9,B6,UM_N_KF,LR,H,Y,3 germinated,3,,3 grew; medium-high health,3,medium-high health,5
9,C1,LR_N_KF,W,KF,Y,3 germinated,3,,3 grew; medium-high health,3,medium-high health,5
9,D1,LR_Y_KF,W,N,Y,3 germinated,3,,3 grew; medium-high health,3,medium-high health,5
9,D2,W_Y_N,W,N,N,3 germinated,3,,3 grew; medium-high health,3,medium-high health,5
9,D4,W_N_N,UM,N,N,3 germinated ,3,,3 grew; medium-high health,3,medium-high health,5
10,A6,DR_Y_H,M,ODR,N,3 germinated; long roots,3,,3 grew ; medium-high health,3,medium-high health,5
10,B1,DR_N_H,TF,H,Y,3 germinated; long roots,3,,3 grew ; medium-high health,3,medium-high health,5
10,B6,M_Y_H,M,H,N,3 germinated,3,,3 grew ; medium-high health,3,medium-high health,5
10,D1,M_N_H,TF,KF,Y,3 germinated,3,,3 grew ; medium-high health,3,medium-high health,5
10,D5,TF_Y_N,M,KF,Y,3 germinated,3,,3 grew ; medium-high health,3,medium-high health,5
11,D6,DR_N_H,LR,N,N,3 germinated ,3,,2 grew; medium-high health,2,medium-high health,5
11,A4,LR_Y_KF,DR,H,Y,3 germinated,3,,3 grew ; medium-high health,3,medium-high health,5
11,B1,LR_N_KF,UM,KF,Y,3 germinated,3,,3 grew; medium-high health ,3,medium-high health ,5
11,B3,UM_Y_ODR,DR,KF,N,3 germinated ,3,,3 grew; medium-high health ,3,medium-high health ,5
11,D2,UM_N_ODR,UM,N,N,3 germinated ,3,,3 grew; medium-high health ,3,medium-high health ,5
12,A1,W_Y_N,W,ODR,N,3 germinated,3,,3 grew; medium-high health ,3,medium-high health ,5
12,B1,TF_N_N,W,N,N,3 germinated,3,,3 grew; medium-high health ,3,medium-high health ,5
12,C1,TF_Y_N,W,H,N,3 germinated,3,,3 grew; medium-high health ,3,medium-high health ,5
12,D2,M_N_N,W,KF,Y,3 germianted,3,,3 grew; medium-high health ,3,medium-high health ,5
13,A1,M_Y_H,W,ODR,N,3 germinated,3,,3 grew; medium-high health ,3,medium-high health ,5
13,A3,M_N_H,M,ODR,Y,3 germinated; long roots,3,,3 grew; medium-high health ,3,medium-high health ,5
13,C6,DR_Y_H,DR,KF,N,3 germianted,3,,3 grew; medium-high health ,3,medium-high health ,5
13,D6,DR_N_H,DR,N,N,3 germianted ,3,,3 grew; medium-high health ,3,medium-high health ,5
13,A4,W_N_N,M,ODR,N,3 germinated,3,,3 grew medium-high health,3,medium-high health ,5
13,B1,W_Y_N,W,H,N,3 germinated,3,,3 grew medium-high health,3,medium-high health ,5
13,B2,M_Y_N,W,H,Y,3 germinated,3,,3 grew medium-high health,3,medium-high health ,5
13,D1,DR_Y_N,W,N,N,3 germinated,3,,3 grew medium-high health,3,medium-high health ,5
13,D2,DR_N_N,W,N,Y,3 germinated,3,,3 grew medium-high health,3,medium-high health ,5
14,D6,LR_Y_KF,LR,H,N,3 germinated ,3,,3 grew; medium-high health ,3,medium-high health ,5
16,C1,LR_N_ODR,W,KF,N,2 germinated; large buds ,2,,3 grew; medium-high health ,3,medium-high health ,5
16,A5,TF_N_ODR,TF,N,Y,3 germianted; small roots,3,,3 grew; medium-high health ,3,medium-high health ,5
16,B1,W_N_KF,W,ODR,N,3 germianted; small roots,3,,3 grew; medium-high health ,3,medium-high health ,5
C1,D1,control,control,control,control,2 germinated,2,,2 grew; medium-high health,2,medium-high health,5
C1,D4,control,control,control,control,3 germinated,3,,3 grew; medium-high health,3,medium-high health,5
C1,A1,control,control,control,control,3 germinated; long roots ,3,,3 grew; medium-high health ,3,medium-high health ,5
C1,A2,control,control,control,control,3 germinated; 1 long root,3,,3 grew; medium-high health ,3,medium-high health ,5
C1,A3,control,control,control,control,3 germinated,3,,3 grew; medium-high health ,3,medium-high health ,5
C1,A6,control,control,control,control,3 germinated; long roots ,3,,3 grew; medium-high health ,3,medium-high health ,5
C2,D3,control,control,control,control,2 germinated,2,,2 grew; medium-high health,2,medium-high health,5
C2,A2,control,control,control,control,3 germinated,3,,3 grew; medium-high health,3,medium-high health,5
C2,B1,control,control,control,control,3 germinated,3,,3 grew; medium-high health,3,medium-high health,5
C3,A5,control,control,control,control,3 germinated ,3,,3 grew; medium-high health,3,medium-high health,5
C3,B6,control,control,control,control,3 germinated,3,,3 grew; medium-high health,3,medium-high health,5
C3,C1,control,control,control,control,3 germinated,3,,3 grew; medium-high health,3,medium-high health,5
C3,C3,control,control,control,control,3 germinated,3,,3 grew; medium-high health,3,medium-high health,5
1,A1,LR_N_H,LR,H,Y,3 germinated,3,,3 grew; healthy ,3,healthy ,6
1,A2,M_Y_H,LR,H,N,3 germinated,3,,3 grew; healthy ,3,healthy ,6
1,A3,M_N_H,M,H,Y,3 germinated,3,,3 grew; healthy ,3,healthy ,6
1,A4,TF_Y_H,M,H,N,3 germinated,3,,3 grew; healthy ,3,healthy ,6
1,A5,TF_N_H,TF,H,Y,3 germinated,3,,3 grew; healthy ,3,healthy ,6
1,B3,LR_Y_KF,M,KF,Y,3 germinated,3,,3 grew; healthy ,3,healthy ,6
1,C1,LR_N_KF,LR,ODR,Y,3 germinated,3,,3 grew; healthy ,3,healthy ,6
1,C2,M_Y_KF,LR,ODR,N,3 germinated,3,,3 grew; healthy ,3,healthy ,6
1,C3,M_N_KF,M,ODR,Y,3 germinated,3,,3 grew; healthy ,3,healthy ,6
1,D1,TF_Y_KF,LR,N,Y,3 germianted,3,,3 grew; healthy ,3,healthy ,6
1,D2,TF_N_KF,LR,N,N,3 germianted,3,,3 grew; healthy ,3,healthy ,6
1,D3,LR_Y_ODR,M,N,Y,3 germianted,3,,3 grew; healthy ,3,healthy ,6
2,D1,UM_Y_H,DR,N,Y,3 germinated,3,,3 grew; healthy ,3,healthy ,6
2,D4,UM_N_H,UM,N,N,3 germinated,3,,3 grew; healthy ,3,healthy ,6
3,A4,M_N_ODR,UM,ODR,N,3 germianted,3,,3 grew; healthy ,3,healthy ,6
4,A1,W_Y_H,TF,H,Y,3 germinated,3,,3 grew; healthy ,3,healthy ,6
4,B1,DR_Y_H,TF,KF,Y,3 germinated,3,,3 grew; healthy ,3,healthy ,6
4,D1,DR_N_H,TF,ODR,Y,3 germinated,3,,3 grew; healthy ,3,healthy ,6
5,D3,TF_Y_H,W,ODR,Y,3 germinated,3,,3 grew; healthy,3,healthy,6
5,D4,TF_N_H,W,ODR,N,3 germinated,3,,3 grew; healthy,3,healthy,6
6,C4,LR_N_H,LR,KF,Y,2 germinated,2,,3 grew; healthy,3,healthy,6
6,A3,LR_Y_H,LR,H,N,3 germinated,3,,3 grew; healthy,3,healthy,6
6,D1,DR_Y_H,M,ODR,Y,3 germinated,3,,3 grew; healthy,3,healthy,6
6,D2,DR_N_H,M,ODR,N,3 germinated,3,,3 grew; healthy,3,healthy,6
6,D3,M_Y_N,LR,ODR,N,3 germinated ,3,,3 grew; healthy,3,healthy,6
7,A1,UM_Y_N,W,N,Y,3 germianted,3,,3 grew; healthy,3,healthy,6
8,B1,DR_N_ODR,TF,ODR,N,1 germinated,1,,3 grew; high health,3,high health,6
8,C1,TF_N_H,TF,H,N,3 germinated,3,,3 grew; high health,3,high health,6
9,D5,LR_Y_ODR,LR,N,N,3 germinated,3,,3 grew; healthy,3,healthy,6
9,D6,W_Y_H,LR,N,Y,3 germinated,3,,3 grew; healthy,3,healthy,6
10,D6,DR_Y_ODR,M,KF,N,3 germinated,3,,3 grew ; healthy,3,healthy,6
11,A1,LR_Y_H,UM,H,Y,3 germinated,3,,3 grew ; healthy,3,healthy,6
11,A2,LR_N_H,UM,H,N,3 germinated,3,,3 grew ; healthy,3,healthy,6
13,B3,W_Y_ODR,M,H,Y,3 germinated,3,,3 grew; healthy,3,healthy,6
13,D4,M_Y_ODR,M,N,N,3 germinated,3,,3 grew; healthy,3,healthy,6
C1,D5,control,control,control,control,3 germinated,3,,3 grew; healthy,3,healthy,6
C3,A4,control,control,control,control,3 germinated,3,,3 grew; healthy,3,healthy,6
C3,D6,control,control,control,control,3 germinated,3,,3 grew; healthy,3,healthy,6
4,C2,DR_N_ODR,TF,N,N,2 germinated,2,,no growth,2,no growth ,0
8,B2,TF_N_KF,TF,ODR,Y,1 germianted,1,,no growth,1,no growth ,0
8,D1,TF_Y_KF,TF,KF,N,2 germinated,2,,no growth ,2,no growth ,0
8,D6,DR_Y_KF,LR,KF,N,3 germinated ,3,,no growth ,3,no growth ,0
8,A2,DR_N_KF,TF,N,Y,no germination ,0,,no growth,0,no growth ,0
8,C4,LR_Y_KF,DR,H,N,no germination ,0,,no growth,0,no growth ,0
8,D3,LR_N_KF,DR,KF,Y,no germinated,0,,no growth ,0,no growth ,0
10,B4,M_N_KF,DR,H,N,3 germinated; long roots,3,,no growth,3,no growth ,0
14,B3,LR_N_H,TF,KF,N,3 germinated; long roots ,3,,no growth ,3,no growth ,0
16,A6,LR_Y_KF,TF,N,N,1 germinated; small root,1,,no growth,1,no growth ,0
16,B3,TF_Y_KF,LR,ODR,N,1 germinated,1,,no growth,1,no growth ,0
16,C3,TF_N_KF,LR,KF,N,2 germianted; small roots,2,,no growth,2,no growth ,0
16,C5,W_N_H,TF,KF,Y,2 germinated; small roots,2,,no growth,2,no growth ,0
16,C6,W_Y_H,TF,KF,N,2 germinated; small roots,2,,no growth,2,no growth ,0
16,A3,LR_N_H,LR,N,N,no germination ,0,,no growth,0,no growth ,0
16,A4,LR_Y_H,LR,N,Y,no germination ,0,,no growth ,0,no growth ,0
16,B4,TF_Y_H,LR,ODR,Y,no germination ,0,,no growth,0,no growth ,0
16,C4,TF_N_H,LR,KF,Y,no germination ,0,,no growth,0,no growth ,0